,id,Name,population,Unnamed: 3,WHO Region,Cases - cumulative total,Cases - cumulative total per 100000 population,Cases - newly reported in last 7 days,Cases - newly reported in last 7 days per 100000 population,Cases - newly reported in last 24 hours,Deaths - cumulative total,Deaths - cumulative total per 100000 population,Deaths - newly reported in last 7 days per 100000 population,ratio
0,CHN,China,1330141295,0,Western Pacific,120553.0,8.19,553.0,0.04,84.0,5635.0,0.38,0.0,9.063172495520486e-05
1,IND,India,1173108018,0,South-East Asia,31572344.0,2287.84,279282.0,20.24,44230.0,423217.0,30.67,0.27,0.026913415913588958
2,USA,United States,310232863,0,Americas,34564448.0,10442.35,471734.0,142.52,90660.0,607095.0,183.41,0.65,0.11141452799602343
3,IDN,Indonesia,242968342,0,South-East Asia,3372374.0,1232.94,289964.0,106.01,42553.0,92311.0,33.75,4.28,0.013879890574386024
4,BRA,Brazil,201103330,0,Americas,19797086.0,9313.67,323132.0,152.02,48013.0,553179.0,260.25,3.56,0.09844235796592726
5,PAK,Pakistan,177276594,0,Eastern Mediterranean,1020324.0,461.91,21715.0,9.83,4497.0,23209.0,10.51,0.13,0.005755548304363293
6,BGD,Bangladesh,158065841,0,South-East Asia,1240115.0,753.0,93551.0,56.8,13862.0,20467.0,12.43,0.98,0.007845559750003164
7,NGA,Nigeria,152217341,0,Africa,172821.0,83.84,2515.0,1.22,558.0,2141.0,1.04,0.01,0.0011353568447894514
8,RUS,Russia,139390205,0,Europe,6242066.0,4277.31,163544.0,112.07,23564.0,157771.0,108.11,3.75,0.04478123839476382
9,JPN,Japan,126804433,0,Western Pacific,902718.0,713.74,44919.0,35.52,10425.0,15173.0,12.0,0.05,0.007118978245815743
10,MEX,Mexico,112468855,0,Americas,2790874.0,2164.6,97379.0,75.53,19028.0,239616.0,185.85,1.87,0.02481463868374938
11,PHL,Philippines,99900177,0,Western Pacific,1572287.0,1434.82,42035.0,38.36,5734.0,27577.0,25.17,0.63,0.015738580723435557
12,VNM,Vietnam,89571130,0,Western Pacific,133405.0,137.05,55136.0,56.64,9765.0,1022.0,1.05,0.67,0.0014893749805322317
13,ETH,Ethiopia,88013491,0,Africa,279629.0,243.23,1524.0,1.33,476.0,4381.0,3.81,0.02,0.00317711519930507
14,DEU,Germany,82282988,0,Europe,3766765.0,4529.17,14173.0,17.04,2454.0,91637.0,110.18,0.17,0.04577817470605224
15,EGY,Egypt,80471869,0,Eastern Mediterranean,284128.0,277.65,222.0,0.22,0.0,16507.0,16.13,0.04,0.0035307742137814643
16,TUR,Turkey,77804122,0,Europe,5682630.0,6737.84,118727.0,140.77,22161.0,51184.0,60.69,0.5,0.07303764702852118
17,COD,"Congo, Democratic Republic of the",70916439,0,Africa,49251.0,54.99,2077.0,2.32,281.0,1023.0,1.14,0.0,0.0006944934163995459
18,IRN,Iran,67037517,0,Eastern Mediterranean,3826447.0,4555.68,202607.0,241.22,34433.0,90074.0,107.24,2.39,0.05707918746453572
19,THA,Thailand,66404688,0,South-East Asia,578375.0,828.62,110668.0,158.55,17345.0,4679.0,6.7,1.24,0.00870985193093596
20,FRA,France,64057792,0,Europe,5953274.0,9153.34,139817.0,214.97,25080.0,110746.0,170.28,0.28,0.09293598505549489
21,GBR,United Kingdom,61284806,0,Europe,5801565.0,8546.04,199240.0,293.49,30633.0,129515.0,190.78,0.79,0.09466563376246961
22,ITA,Italy,58090681,0,Europe,4336906.0,7271.63,34513.0,57.87,6167.0,128029.0,214.66,0.18,0.07465751692599369
23,MMR,Burma,53414374,0,South-East Asia,294460.0,541.19,35590.0,65.41,5127.0,8942.0,16.43,4.56,0.0055127483100335505
24,ZAF,South Africa,49109107,0,Africa,2422151.0,4083.97,79821.0,134.59,13626.0,71431.0,120.44,4.73,0.04932182945212178
25,KOR,"Korea, South",48636068,0,Western Pacific,196806.0,383.87,11073.0,21.6,1710.0,2089.0,4.07,0.04,0.004046503101360907
26,UKR,Ukraine,45415596,0,Europe,2251869.0,5149.04,4450.0,10.18,962.0,52930.0,121.03,0.27,0.04958360559663249
27,COL,Colombia,44205293,0,Americas,4757139.0,9349.19,77145.0,151.61,9364.0,119801.0,235.44,4.56,0.1076146922043928
28,SDN,Sudan,41980182,0,Eastern Mediterranean,37138.0,84.69,0.0,0.0,0.0,2776.0,6.33,0.0,0.0008846555262671324
29,TZA,Tanzania,41892895,0,Africa,1017.0,1.7,408.0,0.68,0.0,21.0,0.04,0.0,2.427619289619397e-05
30,ARG,Argentina,41343201,0,Americas,4891810.0,10823.6,92959.0,205.68,15883.0,104822.0,231.93,4.43,0.11832199446772397
31,ESP,Spain,40548753,0,Europe,4422291.0,9343.01,148549.0,313.84,13696.0,81442.0,172.06,0.4,0.1090610850597551
32,KEN,Kenya,40046566,0,Africa,201009.0,373.82,5898.0,10.97,1068.0,3910.0,7.27,0.16,0.005019381686809301
33,POL,Poland,38463689,0,Europe,2882786.0,7594.65,838.0,2.21,156.0,75259.0,198.27,0.06,0.07494824534380985
34,DZA,Algeria,34586184,0,Africa,168668.0,384.64,10455.0,23.84,1537.0,4189.0,9.55,0.41,0.004876745003149234
35,CAN,Canada,33759742,0,Americas,1428683.0,3785.38,3968.0,10.51,766.0,26570.0,70.4,0.15,0.042319132652139345
36,UGA,Uganda,33398682,0,Africa,93282.0,203.94,1927.0,4.21,160.0,2632.0,5.75,0.33,0.002792984465674424
37,MAR,Morocco,31627428,0,Eastern Mediterranean,597876.0,1619.8,30118.0,81.6,0.0,9665.0,26.18,0.4,0.018903718633080123
38,PER,Peru,29907003,0,Americas,2107873.0,6392.95,10062.0,30.52,1502.0,196138.0,594.86,2.15,0.07048091712833947
39,IRQ,Iraq,29671605,0,Eastern Mediterranean,1603787.0,3987.29,76844.0,191.05,13259.0,18533.0,46.08,1.07,0.054051238549448204
40,SAU,Saudi Arabia,29207277,0,Eastern Mediterranean,523397.0,1503.42,8951.0,25.71,1289.0,8212.0,23.59,0.24,0.017920088887437197
41,AFG,Afghanistan,29121286,0,Eastern Mediterranean,146523.0,376.39,3084.0,7.92,527.0,6677.0,17.15,0.82,0.005031474228164237
42,NPL,Nepal,28951852,0,South-East Asia,693109.0,2378.81,16401.0,56.29,2467.0,9834.0,33.75,0.53,0.023940057444338966
43,UZB,Uzbekistan,27865738,0,Europe,128403.0,383.65,5617.0,16.78,897.0,866.0,2.59,0.14,0.004607916718372935
44,VEN,Venezuela,27223228,0,Americas,302988.0,1065.51,7242.0,25.47,1009.0,3542.0,12.46,0.41,0.011129760218002068
45,MYS,Malaysia,26160256,0,Western Pacific,1078646.0,3332.65,113728.0,351.38,17170.0,8725.0,26.96,3.56,0.04123224176399497
46,GHA,Ghana,24339838,0,Africa,103019.0,331.54,2769.0,8.91,0.0,823.0,2.65,0.01,0.004232526116237914
47,YEM,Yemen,23495361,0,Eastern Mediterranean,7042.0,23.61,41.0,0.14,15.0,1374.0,4.61,0.01,0.000299718740222804
48,TWN,Taiwan,23024956,0,0,0.0,0.0,0.0,0.0,0.0,0.0,0.0,0.0,0.0
49,PRK,"Korea, North",22757275,0,South-East Asia,0.0,0.0,0.0,0.0,0.0,0.0,0.0,0.0,0.0
50,SYR,Syria,22198110,0,Eastern Mediterranean,25930.0,148.17,77.0,0.44,0.0,1911.0,10.92,0.03,0.0011681174658563275
51,ROU,Romania,22181287,0,Europe,1083033.0,5603.2,976.0,5.05,153.0,34278.0,177.34,0.05,0.0488264274295716
52,MOZ,Mozambique,22061451,0,Africa,117660.0,376.45,11794.0,37.73,1774.0,1388.0,4.44,0.53,0.005333284741787836
53,AUS,Australia,21515754,0,Western Pacific,33732.0,132.28,1305.0,5.12,261.0,922.0,3.62,0.03,0.0015677814498157954
54,LKA,Sri Lanka,21513990,0,South-East Asia,304202.0,1420.63,11089.0,51.79,0.0,4267.0,19.93,1.5,0.014139729543427324
55,MDG,Madagascar,21281844,0,Africa,42715.0,154.26,84.0,0.3,30.0,946.0,3.42,0.02,0.002007109910212668
56,CIV,Cote d'Ivoire,21058798,0,Africa,49911.0,189.21,525.0,1.99,136.0,326.0,1.24,0.01,0.002370078292217818
57,CMR,Cameroon,19294149,0,Africa,82064.0,309.14,193.0,0.73,0.0,1334.0,5.03,0.01,0.004253310161541719
58,NLD,Netherlands,16783092,0,Europe,1859199.0,10680.4,32100.0,184.4,4506.0,17815.0,102.34,0.15,0.11077809738515405
59,CHL,Chile,16746491,0,Americas,1613288.0,8439.38,8575.0,44.86,1371.0,35295.0,184.63,2.63,0.09633588314113088
60,BFA,Burkina Faso,16241811,0,Africa,13566.0,64.9,29.0,0.14,6.0,169.0,0.81,0.0,0.0008352516846797442
61,NER,Niger,15878271,0,Africa,5607.0,23.16,13.0,0.05,0.0,195.0,0.81,0.0,0.0003531240901481024
62,KAZ,Kazakhstan,15460484,0,Europe,617387.0,3288.05,35374.0,188.39,0.0,9077.0,48.34,2.87,0.03993322589383359
63,MWI,Malawi,15447500,0,Africa,51141.0,267.33,4724.0,24.69,760.0,1588.0,8.3,0.93,0.0033106327884771
64,ECU,Ecuador,14790608,0,Americas,483733.0,2741.78,3949.0,22.38,0.0,31454.0,178.28,3.84,0.03270541684290463
65,KHM,Cambodia,14753320,0,Western Pacific,75917.0,454.08,5498.0,32.88,765.0,1350.0,8.07,0.97,0.005145757022826048
66,SEN,Senegal,14086103,0,Africa,60170.0,359.35,5350.0,31.95,884.0,1318.0,7.87,0.37,0.004271585973778553
67,MLI,Mali,13796354,0,Africa,14564.0,71.92,36.0,0.18,0.0,531.0,2.62,0.0,0.001055641222311344
68,GTM,Guatemala,13550440,0,Americas,358798.0,2002.72,14577.0,81.36,0.0,10224.0,57.07,1.09,0.026478697370712685
69,AGO,Angola,13068161,0,Africa,42486.0,129.27,1081.0,3.29,198.0,1003.0,3.05,0.08,0.0032511077878517106
70,ZMB,Zambia,12056923,0,Africa,194140.0,1056.03,4409.0,23.98,708.0,3355.0,18.25,0.86,0.0161019523803876
71,ZWE,Zimbabwe,11651858,0,Africa,105656.0,710.87,12235.0,82.32,2089.0,3421.0,23.02,3.71,0.009067738381295069
72,CUB,Cuba,11477459,0,Americas,366985.0,3240.02,58386.0,515.48,8607.0,2628.0,23.2,4.33,0.03197441175786383
73,RWA,Rwanda,11055976,0,Africa,66586.0,514.09,5211.0,40.23,965.0,787.0,6.08,0.64,0.006022625230011353
74,GRC,Greece,10749943,0,Europe,487709.0,4550.13,18667.0,174.16,2694.0,12935.0,120.68,0.56,0.04536851962842966
75,PRT,Portugal,10735765,0,Europe,963446.0,9357.56,20202.0,196.21,3009.0,17330.0,168.32,0.8,0.08974171845229474
76,TUN,Tunisia,10589025,0,Eastern Mediterranean,582638.0,4929.83,24332.0,205.88,3676.0,19336.0,163.61,10.86,0.055022818437013794
77,TCD,Chad,10543464,0,Africa,4972.0,30.27,7.0,0.04,0.0,174.0,1.06,0.0,0.0004715717718579017
78,BEL,Belgium,10423493,0,Europe,1122951.0,9745.77,8162.0,70.84,1.0,25235.0,219.01,0.12,0.10773269574796088
79,GIN,Guinea,10324025,0,Africa,25401.0,193.42,578.0,4.4,108.0,211.0,1.61,0.12,0.002460377614350992
80,CZE,Czech Republic,10201707,0,Europe,1673429.0,15648.39,1289.0,12.05,210.0,30363.0,283.93,0.15,0.16403421505832308
81,SOM,Somalia,10112453,0,0,0.0,0.0,0.0,0.0,0.0,0.0,0.0,0.0,0.0
82,BOL,Bolivia,9947418,0,Americas,470929.0,4034.34,5578.0,47.79,905.0,17754.0,152.09,1.78,0.04734183282536232
83,HUN,Hungary,9880059,0,Europe,809491.0,8285.88,390.0,3.99,64.0,30026.0,307.34,0.06,0.08193179818055743
84,BDI,Burundi,9863117,0,Africa,7080.0,59.54,952.0,8.01,215.0,9.0,0.08,0.01,0.0007178258151049004
85,DOM,Dominican Republic,9794487,0,Americas,341179.0,3145.11,2277.0,20.99,365.0,3956.0,36.47,0.23,0.034833779451644585
86,BLR,Belarus,9612632,0,Europe,443864.0,4697.31,6200.0,65.61,1033.0,3435.0,36.35,0.74,0.046175074630964756
87,HTI,Haiti,9203083,0,Americas,20077.0,176.07,201.0,1.76,0.0,545.0,4.78,0.15,0.0021815515518006303
88,SWE,Sweden,9074055,0,Europe,1099414.0,10645.41,3072.0,29.75,663.0,14656.0,141.91,0.01,0.12116016488769354
89,BEN,Benin,9056010,0,Africa,8394.0,69.24,70.0,0.58,0.0,108.0,0.89,0.01,0.0009268982697678116
90,AZE,Azerbaijan,8303512,0,Europe,342548.0,3378.46,3274.0,32.29,615.0,5019.0,49.5,0.2,0.04125338772317063
91,AUT,Austria,8214160,0,Europe,653591.0,7342.84,2815.0,31.63,495.0,10535.0,118.36,0.13,0.07956881774886294
92,HND,Honduras,7989415,0,Americas,292969.0,2957.91,8782.0,88.67,1282.0,7758.0,78.33,2.25,0.03666964352208516
93,CHE,Switzerland,7623438,0,Europe,713679.0,8246.22,3946.0,45.59,9.0,10357.0,119.67,0.09,0.09361642345618866
94,TJK,Tajikistan,7487489,0,Europe,15245.0,159.84,400.0,4.19,0.0,121.0,1.27,0.04,0.0020360630913781644
95,ISR,Israel,7353985,0,Europe,870781.0,10060.39,12130.0,140.14,1013.0,6467.0,74.72,0.16,0.11840940660063898
96,SRB,Serbia,7344847,0,Europe,721267.0,10412.84,1805.0,26.06,292.0,7110.0,102.65,0.22,0.09820041179891154
97,BGR,Bulgaria,7148785,0,Europe,424526.0,6106.99,1086.0,15.62,231.0,18208.0,261.93,0.27,0.059384356922190275
98,HKG,Hong Kong,7089705,0,0,0.0,0.0,0.0,0.0,0.0,0.0,0.0,0.0,0.0
99,LAO,Laos,6993767,0,Western Pacific,5675.0,78.0,1556.0,21.39,241.0,6.0,0.08,0.01,0.0008114368122358094
100,LBY,Libya,6461454,0,Eastern Mediterranean,246200.0,3583.02,18767.0,273.12,2730.0,3469.0,50.49,2.14,0.03810287901144232
101,JOR,Jordan,6407085,0,Eastern Mediterranean,768382.0,7530.84,5276.0,51.71,0.0,10000.0,98.01,0.7,0.11992692464669971
102,PRY,Paraguay,6375830,0,Americas,451158.0,6325.35,4012.0,56.25,664.0,14820.0,207.78,5.24,0.07076066959125321
103,TGO,Togo,6199841,0,Africa,15522.0,187.49,721.0,8.71,129.0,150.0,1.81,0.12,0.002503612592645521
104,PNG,Papua New Guinea,6064515,0,Western Pacific,17717.0,198.02,193.0,2.16,31.0,192.0,2.15,0.0,0.0029214207566474813
105,SLV,El Salvador,6052064,0,Americas,86059.0,1326.8,1915.0,29.52,0.0,2599.0,40.07,1.08,0.014219776922385487
106,NIC,Nicaragua,5995928,0,Americas,7592.0,114.6,279.0,4.21,0.0,195.0,2.94,0.02,0.0012661926560825947
107,ERI,Eritrea,5792984,0,Africa,6544.0,184.52,64.0,1.8,5.0,34.0,0.96,0.06,0.0011296423397682439
108,DNK,Denmark,5515575,0,Europe,314983.0,5409.51,5563.0,95.54,848.0,2548.0,43.76,0.1,0.05710791712559434
109,KGZ,Kyrgyzstan,5508626,0,Europe,161973.0,2482.65,6968.0,106.8,958.0,2311.0,35.42,1.29,0.029403520950596392
110,SVK,Slovakia,5470306,0,Europe,392581.0,7192.93,322.0,5.9,44.0,12536.0,229.69,0.04,0.07176582077858168
111,FIN,Finland,5255068,0,Europe,106008.0,1918.6,3966.0,71.78,748.0,978.0,17.7,0.0,0.02017252678747449
112,SLE,Sierra Leone,5245695,0,Africa,6268.0,78.58,62.0,0.78,18.0,120.0,1.5,0.04,0.0011948845672499068
113,ARE,United Arab Emirates,4975593,0,Eastern Mediterranean,677801.0,6853.12,10721.0,108.4,1550.0,1939.0,19.6,0.29,0.13622516954260527
114,TKM,Turkmenistan,4940916,0,Europe,0.0,0.0,0.0,0.0,0.0,0.0,0.0,0.0,0.0
115,CAF,Central African Republic,4844927,0,Africa,7151.0,148.06,4.0,0.08,0.0,98.0,2.03,0.0,0.0014759768310234603
116,SGP,Singapore,4701069,not listed,Western Pacific,64722.0,1106.29,931.0,15.91,133.0,37.0,0.63,0.02,0.013767506922361701
117,NOR,Norway,4676305,0,Europe,137127.0,2554.73,1893.0,35.27,405.0,799.0,14.89,0.0,0.029323793037451577
118,BIH,Bosnia and Herzegovina,4621598,0,Europe,205610.0,6267.04,226.0,6.89,44.0,9686.0,295.23,0.4,0.04448894083821224
119,GEO,Georgia,4600825,0,Europe,416338.0,10436.69,18257.0,457.66,2712.0,5793.0,145.22,3.43,0.09049203132046969
120,CRI,Costa Rica,4516220,0,Americas,403511.0,7921.12,7844.0,153.98,1467.0,4997.0,98.09,1.41,0.0893470645805563
121,HRV,Croatia,4486881,0,Europe,363397.0,8954.71,1092.0,26.91,170.0,8254.0,203.39,0.22,0.08099100466448743
122,MDA,Moldova,4317483,0,Europe,259202.0,6425.49,837.0,20.75,184.0,6253.0,155.01,0.42,0.06003544194615242
123,NZL,New Zealand,4252277,0,Western Pacific,2514.0,52.13,15.0,0.31,3.0,26.0,0.54,0.0,0.0005912126608873317
124,IRL,Ireland,4250163,0,Europe,298048.0,6003.66,8909.0,179.46,1361.0,5035.0,101.42,0.18,0.07012625162846696
125,COG,"Congo, Republic of the",4125916,0,Africa,13156.0,238.42,39.0,0.71,0.0,177.0,3.21,0.02,0.003188625265274426
126,LBN,Lebanon,4125247,0,Eastern Mediterranean,558369.0,8180.7,5498.0,80.55,0.0,7897.0,115.7,0.12,0.1353540769801178
127,PRI,Puerto Rico,3977663,0,Americas,144961.0,5067.06,2602.0,90.95,470.0,2577.0,90.08,0.38,0.03644376107277062
128,LBR,Liberia,3685076,0,Africa,5404.0,106.85,0.0,0.0,0.0,148.0,2.93,0.0,0.0014664555086516533
129,ALB,Albania,3659616,0,Europe,132999.0,4621.55,202.0,7.02,47.0,2457.0,85.38,0.03,0.036342337556727264
130,LTU,Lithuania,3545319,0,Europe,282416.0,10107.62,1875.0,67.11,377.0,4413.0,157.94,0.14,0.07965884029053522
131,URY,Uruguay,3510386,0,Americas,380976.0,10967.35,1363.0,39.24,183.0,5950.0,171.29,1.3,0.1085282359261916
132,PAN,Panama,3410676,0,Americas,432523.0,10024.25,6924.0,160.47,969.0,6791.0,157.39,1.58,0.12681444968680697
133,MRT,Mauritania,3205060,0,Africa,25063.0,539.03,1840.0,39.57,401.0,553.0,11.89,0.77,0.007819822405820796
134,MNG,Mongolia,3086918,0,Western Pacific,162869.0,4968.11,10330.0,315.1,2525.0,809.0,24.68,1.65,0.052761038680003806
135,OMN,Oman,2967717,0,Eastern Mediterranean,295857.0,5793.59,6815.0,133.45,322.0,3814.0,74.69,6.19,0.09969178327987473
136,ARM,Armenia,2966802,0,Europe,229867.0,7757.3,1485.0,50.11,264.0,4608.0,155.51,0.98,0.07747972395865986
137,JAM,Jamaica,2847232,0,Americas,52504.0,1773.08,962.0,32.49,182.0,1182.0,39.92,0.51,0.01844036594137745
138,KWT,Kuwait,2789132,0,Eastern Mediterranean,395479.0,9260.56,5611.0,131.39,0.0,2303.0,53.93,0.91,0.1417928588535788
139,PSE,West Bank,2514845,0,0,0.0,0.0,0.0,0.0,0.0,0.0,0.0,0.0,0.0
140,LVA,Latvia,2217969,0,Europe,138717.0,7271.52,373.0,19.55,67.0,2554.0,133.88,0.26,0.06254235293640263
141,NAM,Namibia,2128471,0,Africa,117896.0,4639.92,3496.0,137.59,326.0,2970.0,116.89,12.0,0.05538999591725704
142,MKD,Macedonia,2072086,0,Europe,156225.0,7498.63,244.0,11.71,54.0,5491.0,263.56,0.1,0.07539503669249249
143,BWA,Botswana,2029307,0,Africa,106690.0,4536.86,9033.0,384.12,4566.0,1569.0,66.72,8.25,0.05257459812635545
144,SVN,Slovenia,2003136,0,Europe,259079.0,12361.46,552.0,26.34,116.0,4761.0,227.16,0.0,0.12933670005431483
145,LSO,Lesotho,1919552,0,Africa,12908.0,602.54,229.0,10.69,21.0,374.0,17.46,0.79,0.006724485713333111
146,GMB,"Gambia, The",1824158,0,Africa,7962.0,329.46,801.0,33.14,253.0,213.0,8.81,0.66,0.004364753491747974
147,KWT,Kosovo,1815048,0,Europe,108160.0,6023.39,249.0,13.87,72.0,2255.0,125.58,0.0,0.05959071054870174
148,149,Gaza Strip,1604238,not listed,Eastern Mediterranean,345328.0,6769.26,578.0,11.33,0.0,3869.0,75.84,0.16,0.21525983052389983
149,GNB,Guinea-Bissau,1565126,0,Africa,4387.0,222.92,270.0,13.72,53.0,74.0,3.76,0.0,0.0028029692178137733
150,GAB,Gabon,1545255,0,Africa,25370.0,1139.85,61.0,2.74,0.0,163.0,7.32,0.0,0.01641800220675552
151,SWZ,Swaziland,1354051,0,Africa,24848.0,2141.77,2968.0,255.83,601.0,772.0,66.54,3.19,0.01835085975343617
152,153,Mauritius,1294104,not listed,Africa,3913.0,307.68,525.0,41.28,0.0,19.0,1.49,0.0,0.0030237137046172486
153,EST,Estonia,1291170,0,Europe,133308.0,10030.88,1046.0,78.71,189.0,1272.0,95.71,0.08,0.10324589325960176
154,TTO,Trinidad and Tobago,1228691,0,Americas,38014.0,2716.28,1388.0,99.18,243.0,1056.0,75.46,3.79,0.030938616788110274
155,TLS,Timor-Leste,1154625,0,South-East Asia,10744.0,814.9,463.0,35.12,49.0,26.0,1.97,0.0,0.009305185666341887
156,CYP,Cyprus,1102677,0,Europe,100784.0,11349.49,5477.0,616.78,655.0,416.0,46.85,2.03,0.09139938531410377
157,FJI,Fiji,957780,0,Western Pacific,27497.0,3067.34,6136.0,684.48,1301.0,227.0,25.32,7.36,0.028709098122742173
158,QAT,Qatar,840926,0,Eastern Mediterranean,225905.0,7841.06,1071.0,37.17,158.0,601.0,20.86,0.03,0.26863838197415707
159,160,Comoros,773407,not listed,Africa,4025.0,462.86,11.0,1.26,1.0,147.0,16.9,0.0,0.0052042456300498965
160,GUY,Guyana,748486,0,Americas,22315.0,2837.07,582.0,73.99,81.0,533.0,67.76,2.29,0.029813516886087382
161,DJI,Djibouti,740528,0,Eastern Mediterranean,11647.0,1178.85,19.0,1.92,0.0,155.0,15.69,0.0,0.01572796707214312
162,163,Bahrain,738004,not listed,Eastern Mediterranean,268846.0,15799.83,621.0,36.5,0.0,1383.0,81.28,0.12,0.36428799843903287
163,BTN,Bhutan,699847,0,South-East Asia,2508.0,325.04,38.0,4.92,2.0,2.0,0.26,0.0,0.0035836404242641606
164,MNE,Montenegro,666730,0,Europe,101631.0,16181.68,579.0,92.19,0.0,1627.0,259.05,0.48,0.15243201895819897
165,GNQ,Equatorial Guinea,650702,0,Africa,8880.0,632.94,32.0,2.28,0.0,123.0,8.77,0.0,0.013646799917627423
166,SLB,Solomon Islands,609794,0,Western Pacific,20.0,2.91,0.0,0.0,0.0,0.0,0.0,0.0,3.279796127872691e-05
167,168,Macau,567957,not listed,0,0.0,0.0,0.0,0.0,0.0,0.0,0.0,0.0,0.0
168,169,Cape Verde,508659,not listed,Africa,33721.0,6065.07,269.0,48.38,95.0,298.0,53.6,0.18,0.06629392186120761
169,LUX,Luxembourg,497538,0,Europe,73816.0,11789.66,507.0,80.98,72.0,822.0,131.29,0.16,0.14836253713284211
170,-99,Western Sahara,491519,0,0,0.0,0.0,0.0,0.0,0.0,0.0,0.0,0.0,0.0
171,SUR,Suriname,486618,0,Americas,25118.0,4281.73,628.0,107.05,90.0,640.0,109.1,2.56,0.0516174905161749
172,173,Malta,406771,not listed,Europe,34090.0,6625.03,892.0,173.35,95.0,423.0,82.21,0.58,0.08380636771057917
173,174,Maldives,395650,not listed,South-East Asia,77202.0,14282.28,656.0,121.36,0.0,220.0,40.7,0.37,0.19512700619234172
174,BRN,Brunei,395027,0,Western Pacific,333.0,76.12,22.0,5.03,0.0,3.0,0.69,0.0,0.0008429803532416771
175,BLZ,Belize,314522,0,Americas,14069.0,3538.23,204.0,51.3,86.0,337.0,84.75,1.26,0.04473137014262913
176,BHS,"Bahamas, The",310426,0,Americas,14545.0,3698.72,764.0,194.28,88.0,286.0,72.73,3.05,0.046854967045286154
177,ISL,Iceland,308910,0,Europe,7801.0,2142.34,834.0,229.04,256.0,30.0,8.24,0.0,0.02525331002557379
178,179,French Polynesia,291000,not listed,Western Pacific,19875.0,7075.27,641.0,228.19,239.0,148.0,52.69,1.07,0.06829896907216494
179,180,Barbados,285653,not listed,Americas,4364.0,1518.57,62.0,21.57,5.0,48.0,16.7,0.0,0.015277276975911334
180,181,Mayotte,231139,not listed,Africa,19494.0,7145.5,29.0,10.63,20.0,174.0,63.78,0.0,0.08433886103167358
181,NCL,New Caledonia,229993,0,Western Pacific,133.0,46.59,2.0,0.7,0.0,0.0,0.0,0.0,0.0005782784693447192
182,183,Netherlands Antilles,228693,not listed,0,0.0,0.0,0.0,0.0,0.0,0.0,0.0,0.0,0.0
183,VUT,Vanuatu,221552,0,Western Pacific,3.0,0.98,0.0,0.0,0.0,0.0,0.0,0.0,1.3540839170939554e-05
184,185,Samoa,192001,not listed,Western Pacific,1.0,0.5,0.0,0.0,0.0,0.0,0.0,0.0,5.2083062067385065e-06
185,186,Sao Tome and Principe,175808,not listed,Africa,2432.0,1109.7,15.0,6.84,0.0,37.0,16.88,0.0,0.01383327266108482
186,187,Saint Lucia,160922,not listed,Americas,5537.0,3015.35,41.0,22.33,0.0,88.0,47.92,0.54,0.034407974049539526
187,188,Tonga,122580,not listed,Western Pacific,0.0,0.0,0.0,0.0,0.0,0.0,0.0,0.0,0.0
188,189,Virgin Islands,109775,not listed,Americas,4497.0,4306.44,211.0,202.06,47.0,36.0,34.47,2.87,0.04096561147802323
189,190,Grenada,107818,not listed,Americas,168.0,149.3,3.0,2.67,0.0,1.0,0.89,0.0,0.0015581813797325122
190,191,"Micronesia, Federated States of",107154,not listed,Western Pacific,0.0,0.0,0.0,0.0,0.0,0.0,0.0,0.0,0.0
191,192,Aruba,104589,not listed,Americas,11521.0,10790.89,250.0,234.16,61.0,109.0,102.09,0.0,0.11015498761820076
192,193,Saint Vincent and the Grenadines,104217,not listed,Americas,2288.0,2062.38,22.0,19.83,0.0,12.0,10.82,0.0,0.021954191734553864
193,194,Kiribati,99482,not listed,Western Pacific,0.0,0.0,0.0,0.0,0.0,0.0,0.0,0.0,0.0
194,195,Jersey,91812,not listed,Europe,8095.0,7509.56,1018.0,944.38,109.0,69.0,64.01,0.0,0.08816930248769224
195,196,Seychelles,88340,not listed,Africa,17541.0,17835.83,0.0,0.0,0.0,79.0,80.33,0.0,0.19856237265112067
196,197,Antigua and Barbuda,86754,not listed,Americas,1295.0,1322.39,18.0,18.38,7.0,43.0,43.91,1.02,0.014927265601586094
197,198,Andorra,84525,not listed,Europe,14655.0,18967.19,191.0,247.2,25.0,127.0,164.37,0.0,0.17338065661047028
198,199,Isle of Man,76913,not listed,Europe,4333.0,5095.73,1512.0,1778.15,65.0,29.0,34.1,0.0,0.056336380065788616
199,DOM,Dominica,72813,0,Americas,210.0,291.7,1.0,1.39,0.0,0.0,0.0,0.0,0.002884100366692761
200,201,Bermuda,68268,not listed,Americas,2553.0,4099.69,18.0,28.9,0.0,33.0,52.99,0.0,0.03739673053260679
201,202,American Samoa,66432,not listed,Western Pacific,0.0,0.0,0.0,0.0,0.0,0.0,0.0,0.0,0.0
202,203,Marshall Islands,65859,not listed,Western Pacific,4.0,6.76,0.0,0.0,0.0,0.0,0.0,0.0,6.073581439135122e-05
203,204,Guernsey,65632,not listed,Europe,941.0,1459.64,33.0,51.19,0.0,17.0,26.37,0.0,0.014337518283764018
204,GRL,Greenland,57637,0,Europe,118.0,207.85,33.0,58.13,8.0,0.0,0.0,0.0,0.0020472960077727847
205,206,Cayman Islands,50209,not listed,Americas,640.0,973.83,11.0,16.74,0.0,2.0,3.04,0.0,0.01274671871576809
206,207,Saint Kitts and Nevis,49898,not listed,Americas,582.0,1094.15,25.0,47.0,4.0,3.0,5.64,0.0,0.011663794140045694
207,208,Faroe Islands,49057,not listed,Europe,982.0,2009.62,17.0,34.79,2.0,1.0,2.05,0.0,0.02001753062763724
208,209,Northern Mariana Islands,48317,not listed,Western Pacific,190.0,330.11,2.0,3.47,0.0,2.0,3.47,0.0,0.003932363350373574
209,210,Liechtenstein,35002,not listed,Europe,3186.0,8222.57,11.0,28.39,0.0,58.0,149.69,0.0,0.09102337009313753
210,211,San Marino,31477,not listed,Europe,5143.0,15154.1,36.0,106.08,10.0,90.0,265.19,0.0,0.16338914127775836
211,212,Monaco,30586,not listed,Europe,2853.0,7269.9,109.0,277.75,20.0,33.0,84.09,0.0,0.09327797031321519
212,213,Saint Martin,30235,not listed,Americas,2579.0,6671.15,56.0,144.86,0.0,30.0,77.6,0.0,0.08529849512154787
213,214,Gibraltar,28877,not listed,Europe,4892.0,14520.2,188.0,558.01,35.0,94.0,279.01,0.0,0.16940817952003323
214,215,British Virgin Islands,24939,not listed,Americas,2500.0,8268.02,290.0,959.09,111.0,31.0,102.52,26.46,0.1002445968162316
215,216,Turks and Caicos Islands,23528,not listed,Americas,2479.0,6402.71,20.0,51.66,6.0,18.0,46.49,0.0,0.10536382182930976
216,217,Palau,20879,not listed,Western Pacific,0.0,0.0,0.0,0.0,0.0,0.0,0.0,0.0,0.0
217,218,Akrotiri,15700,not listed,0,0.0,0.0,0.0,0.0,0.0,0.0,0.0,0.0,0.0
218,219,Dhekelia,15700,not listed,0,0.0,0.0,0.0,0.0,0.0,0.0,0.0,0.0,0.0
219,220,Wallis and Futuna,15343,not listed,Western Pacific,454.0,4036.99,0.0,0.0,0.0,7.0,62.24,0.0,0.029590041061070195
220,221,Anguilla,14764,not listed,Americas,114.0,759.9,1.0,6.67,1.0,0.0,0.0,0.0,0.007721484692495259
221,222,Nauru,14264,not listed,Western Pacific,0.0,0.0,0.0,0.0,0.0,0.0,0.0,0.0,0.0
222,223,Cook Islands,11488,not listed,Western Pacific,0.0,0.0,0.0,0.0,0.0,0.0,0.0,0.0,0.0
223,224,Tuvalu,10472,not listed,Western Pacific,0.0,0.0,0.0,0.0,0.0,0.0,0.0,0.0,0.0
224,225,"Saint Helena, Ascension, and Tristan da Cunha",7670,not listed,Africa,0.0,0.0,0.0,0.0,0.0,0.0,0.0,0.0,0.0
225,226,Saint Barthelemy,7406,not listed,Americas,1065.0,10773.9,8.0,80.93,0.0,1.0,10.12,0.0,0.14380232244126384
226,227,Saint Pierre and Miquelon,6010,not listed,Americas,28.0,483.18,0.0,0.0,0.0,0.0,0.0,0.0,0.004658901830282862
227,228,Montserrat,5118,not listed,Americas,21.0,420.08,0.0,0.0,0.0,1.0,20.0,0.0,0.004103165298944901
228,FLK,Falkland Islands (Islas Malvinas),3140,0,Americas,60.0,1722.65,0.0,0.0,0.0,0.0,0.0,0.0,0.01910828025477707
229,230,Norfolk Island,2155,not listed,0,0.0,0.0,0.0,0.0,0.0,0.0,0.0,0.0,0.0
230,231,Svalbard,2067,not listed,0,0.0,0.0,0.0,0.0,0.0,0.0,0.0,0.0,0.0
231,232,Christmas Island,1402,not listed,0,0.0,0.0,0.0,0.0,0.0,0.0,0.0,0.0,0.0
232,233,Tokelau,1400,not listed,Western Pacific,0.0,0.0,0.0,0.0,0.0,0.0,0.0,0.0,0.0
233,234,Niue,1354,not listed,Western Pacific,0.0,0.0,0.0,0.0,0.0,0.0,0.0,0.0,0.0
234,235,Holy See (Vatican City),829,not listed,Europe,26.0,3213.84,0.0,0.0,0.0,0.0,0.0,0.0,0.031363088057901084
235,236,Cocos (Keeling) Islands,596,not listed,0,0.0,0.0,0.0,0.0,0.0,0.0,0.0,0.0,0.0
236,237,Pitcairn Islands,48,not listed,Western Pacific,0.0,0.0,0.0,0.0,0.0,0.0,0.0,0.0,0.0
237,ATA,Antarctica,0,0,0,0.0,0.0,0.0,0.0,0.0,0.0,0.0,0.0,0.0
238,ATF,French Southern and Antarctic Lands,0,0,0,0.0,0.0,0.0,0.0,0.0,0.0,0.0,0.0,0.0
239,SDS,South Sudan,12152321,0,Africa,11049.0,98.71,132.0,1.18,35.0,119.0,1.06,0.02,0.0009092090309332678
240,-99,Somaliland,3500000,0,Eastern Mediterranean,15358.0,96.63,196.0,1.23,35.0,809.0,5.09,0.18,0.004388
241,OSA,Kosovo,1824000,0,Europe,108160.0,6023.39,249.0,13.87,72.0,2255.0,125.58,0.0,0.059298245614035086
